Sport,Épreuve,URL
Boxe,Poids lourds 92kg hommes,https://www.olympics.com/fr/olympic-games/paris-2024/results/boxe/poids-lourds-92kg-hommes
Canoë sprint,C2 500m femmes,https://www.olympics.com/fr/olympic-games/paris-2024/results/canoe-sprint/c2-500m-femmes
Judo,90kg h,https://www.olympics.com/fr/olympic-games/paris-2024/results/judo/90kg-h
Water-polo,Femme,https://www.olympics.com/fr/olympic-games/paris-2024/results/water-polo/femme
Rugby à 7,Femme,https://www.olympics.com/fr/olympic-games/paris-2024/results/rugby-a-7/femme
Gymnastique Rythmique,Concours general groupe,https://www.olympics.com/fr/olympic-games/paris-2024/results/gymnastique-rythmique/concours-general-groupe
Haltérophilie,49kg f,https://www.olympics.com/fr/olympic-games/paris-2024/results/halterophilie/49kg-f
Judo,78 kg f,https://www.olympics.com/fr/olympic-games/paris-2024/results/judo/78-kg-f
Natation,200m 4 nages individuel femmes,https://www.olympics.com/fr/olympic-games/paris-2024/results/natation/200m-4-nages-individuel-femmes
Voile,Deriveur femmes,https://www.olympics.com/fr/olympic-games/paris-2024/results/voile/deriveur-femmes
Boxe,60kg femmes,https://www.olympics.com/fr/olympic-games/paris-2024/results/boxe/60kg-femmes
Tir,Pistolet air comprime 10m h,https://www.olympics.com/fr/olympic-games/paris-2024/results/tir/pistolet-air-comprime-10m-h
Tennis de table,Simple hommes,https://www.olympics.com/fr/olympic-games/paris-2024/results/tennis-de-table/simple-hommes
Tennis,Double mixte,https://www.olympics.com/fr/olympic-games/paris-2024/results/tennis/double-mixte
Escrime,Epee individuel femmes,https://www.olympics.com/fr/olympic-games/paris-2024/results/escrime/epee-individuel-femmes
Escrime,Sabre par equipes hommes,https://www.olympics.com/fr/olympic-games/paris-2024/results/escrime/sabre-par-equipes-hommes
Plongeon,10m plateforme synchronise femmes,https://www.olympics.com/fr/olympic-games/paris-2024/results/plongeon/10m-plateforme-synchronise-femmes
Tir,Carabine air comprime 10m h,https://www.olympics.com/fr/olympic-games/paris-2024/results/tir/carabine-air-comprime-10m-h
Lutte,Lutte libre 86kg hommes,https://www.olympics.com/fr/olympic-games/paris-2024/results/lutte/lutte-libre-86kg-hommes
Badminton,Simple femmes,https://www.olympics.com/fr/olympic-games/paris-2024/results/badminton/simple-femmes
Gymnastique Artistique,Barre fixe hommes,https://www.olympics.com/fr/olympic-games/paris-2024/results/gymnastique-artistique/barre-fixe-hommes
Cyclisme sur piste,Madison hommes,https://www.olympics.com/fr/olympic-games/paris-2024/results/cyclisme-sur-piste/madison-hommes
Handball,Homme,https://www.olympics.com/fr/olympic-games/paris-2024/results/handball/homme
Voile,Deriveur mixte,https://www.olympics.com/fr/olympic-games/paris-2024/results/voile/deriveur-mixte
Cyclisme sur piste,Sprint par equipes hommes,https://www.olympics.com/fr/olympic-games/paris-2024/results/cyclisme-sur-piste/sprint-par-equipes-hommes
Volleyball,Femme,https://www.olympics.com/fr/olympic-games/paris-2024/results/volleyball/femme
Golf,Stroke play individuel hommes,https://www.olympics.com/fr/olympic-games/paris-2024/results/golf/stroke-play-individuel-hommes
Skateboard,Street femmes,https://www.olympics.com/fr/olympic-games/paris-2024/results/skateboard/street-femmes
Équitation,Dressage individuel,https://www.olympics.com/fr/olympic-games/paris-2024/results/equitation/dressage-individuel
Canoë slalom,Canoe simple hommes,https://www.olympics.com/fr/olympic-games/paris-2024/results/canoe-slalom/canoe-simple-hommes
Lutte,Lutte libre 50kg femmes,https://www.olympics.com/fr/olympic-games/paris-2024/results/lutte/lutte-libre-50kg-femmes
Boxe,Poids moyens 75kg femmes,https://www.olympics.com/fr/olympic-games/paris-2024/results/boxe/poids-moyens-75kg-femmes
Gymnastique Artistique,Sol hommes,https://www.olympics.com/fr/olympic-games/paris-2024/results/gymnastique-artistique/sol-hommes
Natation,400m nage libre hommes,https://www.olympics.com/fr/olympic-games/paris-2024/results/natation/400m-nage-libre-hommes
Athlétisme,1500 m hommes,https://www.olympics.com/fr/olympic-games/paris-2024/results/athletisme/1500-m-hommes
Natation,200m nage libre hommes,https://www.olympics.com/fr/olympic-games/paris-2024/results/natation/200m-nage-libre-hommes
Haltérophilie,61kg hommes,https://www.olympics.com/fr/olympic-games/paris-2024/results/halterophilie/61kg-hommes
VTT,Cross country femmes,https://www.olympics.com/fr/olympic-games/paris-2024/results/vtt/cross-country-femmes
Athlétisme,Saut a la perche femmes,https://www.olympics.com/fr/olympic-games/paris-2024/results/athletisme/saut-a-la-perche-femmes
Cyclisme sur route,Contre la montre individuel hommes,https://www.olympics.com/fr/olympic-games/paris-2024/results/cyclisme-sur-route/contre-la-montre-individuel-hommes
Athlétisme,Lancer du poids hommes,https://www.olympics.com/fr/olympic-games/paris-2024/results/athletisme/lancer-du-poids-hommes
Plongeon,10m plateforme femmes,https://www.olympics.com/fr/olympic-games/paris-2024/results/plongeon/10m-plateforme-femmes
Skateboard,Park hommes,https://www.olympics.com/fr/olympic-games/paris-2024/results/skateboard/park-hommes
Aviron,Skiff femmes,https://www.olympics.com/fr/olympic-games/paris-2024/results/aviron/skiff-femmes
Athlétisme,400m haies femmes,https://www.olympics.com/fr/olympic-games/paris-2024/results/athletisme/400m-haies-femmes
Athlétisme,400m haies hommes,https://www.olympics.com/fr/olympic-games/paris-2024/results/athletisme/400m-haies-hommes
Escrime,Sabre individuel femmes,https://www.olympics.com/fr/olympic-games/paris-2024/results/escrime/sabre-individuel-femmes
Athlétisme,800m femmes,https://www.olympics.com/fr/olympic-games/paris-2024/results/athletisme/800m-femmes
Tir à l'arc,Individuel hommes,https://www.olympics.com/fr/olympic-games/paris-2024/results/tir-a-l-arc/individuel-hommes
Athlétisme,Saut en hauteur hommes,https://www.olympics.com/fr/olympic-games/paris-2024/results/athletisme/saut-en-hauteur-hommes
Gymnastique Artistique,Par equipes hommes,https://www.olympics.com/fr/olympic-games/paris-2024/results/gymnastique-artistique/par-equipes-hommes
Voile,Planche a voile femmes,https://www.olympics.com/fr/olympic-games/paris-2024/results/voile/planche-a-voile-femmes
Athlétisme,Relais 4x100m femmes,https://www.olympics.com/fr/olympic-games/paris-2024/results/athletisme/relais-4x100m-femmes
Judo,52kg f,https://www.olympics.com/fr/olympic-games/paris-2024/results/judo/52kg-f
Judo,63kg f,https://www.olympics.com/fr/olympic-games/paris-2024/results/judo/63kg-f
Tir,Trap h,https://www.olympics.com/fr/olympic-games/paris-2024/results/tir/trap-h
Taekwondo,Plus de 67kg f,https://www.olympics.com/fr/olympic-games/paris-2024/results/taekwondo/plus-de-67kg-f
Judo,60kg h,https://www.olympics.com/fr/olympic-games/paris-2024/results/judo/60kg-h
Haltérophilie,81kg femmes,https://www.olympics.com/fr/olympic-games/paris-2024/results/halterophilie/81kg-femmes
Natation,100m papillon hommes,https://www.olympics.com/fr/olympic-games/paris-2024/results/natation/100m-papillon-hommes
Athlétisme,Lancer du marteau femmes,https://www.olympics.com/fr/olympic-games/paris-2024/results/athletisme/lancer-du-marteau-femmes
Cyclisme sur piste,Madison femmes,https://www.olympics.com/fr/olympic-games/paris-2024/results/cyclisme-sur-piste/madison-femmes
Athlétisme,Saut en longueur hommes,https://www.olympics.com/fr/olympic-games/paris-2024/results/athletisme/saut-en-longueur-hommes
Athlétisme,Saut en hauteur femmes,https://www.olympics.com/fr/olympic-games/paris-2024/results/athletisme/saut-en-hauteur-femmes
Canoë slalom,Kayak cross femmes,https://www.olympics.com/fr/olympic-games/paris-2024/results/canoe-slalom/kayak-cross-femmes
Plongeon,3m tremplin synchronise femmes,https://www.olympics.com/fr/olympic-games/paris-2024/results/plongeon/3m-tremplin-synchronise-femmes
Athlétisme,400m femmes,https://www.olympics.com/fr/olympic-games/paris-2024/results/athletisme/400m-femmes
Basketball,Homme,https://www.olympics.com/fr/olympic-games/paris-2024/results/basketball/homme
Cyclisme sur piste,Sprint hommes,https://www.olympics.com/fr/olympic-games/paris-2024/results/cyclisme-sur-piste/sprint-hommes
VTT,Cross country hommes,https://www.olympics.com/fr/olympic-games/paris-2024/results/vtt/cross-country-hommes
Haltérophilie,59kg femmes,https://www.olympics.com/fr/olympic-games/paris-2024/results/halterophilie/59kg-femmes
Natation,200m papillon hommes,https://www.olympics.com/fr/olympic-games/paris-2024/results/natation/200m-papillon-hommes
Escrime,Fleuret individuel hommes,https://www.olympics.com/fr/olympic-games/paris-2024/results/escrime/fleuret-individuel-hommes
Athlétisme,Saut en longueur femmes,https://www.olympics.com/fr/olympic-games/paris-2024/results/athletisme/saut-en-longueur-femmes
Natation,100m dos femmes,https://www.olympics.com/fr/olympic-games/paris-2024/results/natation/100m-dos-femmes
Tir,50m carabine 3 positions femme,https://www.olympics.com/fr/olympic-games/paris-2024/results/tir/50m-carabine-3-positions-femme
Gymnastique Artistique,Concours general femmes,https://www.olympics.com/fr/olympic-games/paris-2024/results/gymnastique-artistique/concours-general-femmes
Taekwondo,Plus de 80kg h,https://www.olympics.com/fr/olympic-games/paris-2024/results/taekwondo/plus-de-80kg-h
Natation,800m nage libre femmes,https://www.olympics.com/fr/olympic-games/paris-2024/results/natation/800m-nage-libre-femmes
Tir à l'arc,Individuel femmes,https://www.olympics.com/fr/olympic-games/paris-2024/results/tir-a-l-arc/individuel-femmes
Tir,10m pistolet air femme,https://www.olympics.com/fr/olympic-games/paris-2024/results/tir/10m-pistolet-air-femme
Aviron,Deux sans barreur femmes,https://www.olympics.com/fr/olympic-games/paris-2024/results/aviron/deux-sans-barreur-femmes
Natation,Relais 4x100m nage libre femmes,https://www.olympics.com/fr/olympic-games/paris-2024/results/natation/relais-4x100m-nage-libre-femmes
Cyclisme sur piste,Poursuite par equipes femmes,https://www.olympics.com/fr/olympic-games/paris-2024/results/cyclisme-sur-piste/poursuite-par-equipes-femmes
Aviron,Huit hommes,https://www.olympics.com/fr/olympic-games/paris-2024/results/aviron/huit-hommes
Gymnastique Trampoline,Femme,https://www.olympics.com/fr/olympic-games/paris-2024/results/gymnastique-trampoline/femme
Lutte,Lutte libre 65kg hommes,https://www.olympics.com/fr/olympic-games/paris-2024/results/lutte/lutte-libre-65kg-hommes
Aviron,Huit femmes,https://www.olympics.com/fr/olympic-games/paris-2024/results/aviron/huit-femmes
Gymnastique Artistique,Poutre femmes,https://www.olympics.com/fr/olympic-games/paris-2024/results/gymnastique-artistique/poutre-femmes
Canoë slalom,Canoe simple femmes,https://www.olympics.com/fr/olympic-games/paris-2024/results/canoe-slalom/canoe-simple-femmes
Canoë sprint,C2 500m hommes,https://www.olympics.com/fr/olympic-games/paris-2024/results/canoe-sprint/c2-500m-hommes
Gymnastique Artistique,Cheval d arcons hommes,https://www.olympics.com/fr/olympic-games/paris-2024/results/gymnastique-artistique/cheval-d-arcons-hommes
Canoë sprint,C1 200m femmes,https://www.olympics.com/fr/olympic-games/paris-2024/results/canoe-sprint/c1-200m-femmes
Athlétisme,400m hommes,https://www.olympics.com/fr/olympic-games/paris-2024/results/athletisme/400m-hommes
Athlétisme,Decathlon hommes,https://www.olympics.com/fr/olympic-games/paris-2024/results/athletisme/decathlon-hommes
Gymnastique Trampoline,Homme,https://www.olympics.com/fr/olympic-games/paris-2024/results/gymnastique-trampoline/homme
Lutte,Lutte libre 125kg hommes,https://www.olympics.com/fr/olympic-games/paris-2024/results/lutte/lutte-libre-125kg-hommes
Judo,57 kg f,https://www.olympics.com/fr/olympic-games/paris-2024/results/judo/57-kg-f
Taekwondo,57kg f,https://www.olympics.com/fr/olympic-games/paris-2024/results/taekwondo/57kg-f
Voile,Kitesurf hommes,https://www.olympics.com/fr/olympic-games/paris-2024/results/voile/kitesurf-hommes
Haltérophilie,73kg hommes,https://www.olympics.com/fr/olympic-games/paris-2024/results/halterophilie/73kg-hommes
Cyclisme sur route,Course sur route hommes,https://www.olympics.com/fr/olympic-games/paris-2024/results/cyclisme-sur-route/course-sur-route-hommes
Tennis,Double femmes,https://www.olympics.com/fr/olympic-games/paris-2024/results/tennis/double-femmes
Lutte,Lutte libre 97kg hommes,https://www.olympics.com/fr/olympic-games/paris-2024/results/lutte/lutte-libre-97kg-hommes
Volleyball de plage,Homme,https://www.olympics.com/fr/olympic-games/paris-2024/results/volleyball-de-plage/homme
Athlétisme,Lancer du javelot hommes,https://www.olympics.com/fr/olympic-games/paris-2024/results/athletisme/lancer-du-javelot-hommes
Natation,200m papillon femmes,https://www.olympics.com/fr/olympic-games/paris-2024/results/natation/200m-papillon-femmes
Athlétisme,Relais mixte de marche,https://www.olympics.com/fr/olympic-games/paris-2024/results/athletisme/relais-mixte-de-marche
Natation,Relais 4x200m nage libre hommes,https://www.olympics.com/fr/olympic-games/paris-2024/results/natation/relais-4x200m-nage-libre-hommes
Aviron,Skiff hommes,https://www.olympics.com/fr/olympic-games/paris-2024/results/aviron/skiff-hommes
Athlétisme,110m haies hommes,https://www.olympics.com/fr/olympic-games/paris-2024/results/athletisme/110m-haies-hommes
Athlétisme,Relais 4x400m hommes,https://www.olympics.com/fr/olympic-games/paris-2024/results/athletisme/relais-4x400m-hommes
Athlétisme,3000m steeple femmes,https://www.olympics.com/fr/olympic-games/paris-2024/results/athletisme/3000m-steeple-femmes
Lutte,Lutte libre 57kg hommes,https://www.olympics.com/fr/olympic-games/paris-2024/results/lutte/lutte-libre-57kg-hommes
Voile,Kitesurf femmes,https://www.olympics.com/fr/olympic-games/paris-2024/results/voile/kitesurf-femmes
Gymnastique Artistique,Saut de cheval hommes,https://www.olympics.com/fr/olympic-games/paris-2024/results/gymnastique-artistique/saut-de-cheval-hommes
Athlétisme,200m hommes,https://www.olympics.com/fr/olympic-games/paris-2024/results/athletisme/200m-hommes
Gymnastique Artistique,Barres asymetriques femmes,https://www.olympics.com/fr/olympic-games/paris-2024/results/gymnastique-artistique/barres-asymetriques-femmes
Tennis,Simple hommes,https://www.olympics.com/fr/olympic-games/paris-2024/results/tennis/simple-hommes
Athlétisme,1500 m femmes,https://www.olympics.com/fr/olympic-games/paris-2024/results/athletisme/1500-m-femmes
Natation,200m 4 nages individuel hommes,https://www.olympics.com/fr/olympic-games/paris-2024/results/natation/200m-4-nages-individuel-hommes
Canoë slalom,Kayak simple femmes,https://www.olympics.com/fr/olympic-games/paris-2024/results/canoe-slalom/kayak-simple-femmes
Boxe,Poids plumes 57kg femmes,https://www.olympics.com/fr/olympic-games/paris-2024/results/boxe/poids-plumes-57kg-femmes
Natation,50m nage libre femmes,https://www.olympics.com/fr/olympic-games/paris-2024/results/natation/50m-nage-libre-femmes
Natation,400m 4 nages individuel hommes,https://www.olympics.com/fr/olympic-games/paris-2024/results/natation/400m-4-nages-individuel-hommes
Natation,1500m nage libre femmes,https://www.olympics.com/fr/olympic-games/paris-2024/results/natation/1500m-nage-libre-femmes
Natation,Relais 4x100m 4 nages hommes,https://www.olympics.com/fr/olympic-games/paris-2024/results/natation/relais-4x100m-4-nages-hommes
Athlétisme,Lancer du javelot femmes,https://www.olympics.com/fr/olympic-games/paris-2024/results/athletisme/lancer-du-javelot-femmes
Aviron,Deux de couple poids leger femmes,https://www.olympics.com/fr/olympic-games/paris-2024/results/aviron/deux-de-couple-poids-leger-femmes
Natation,100m dos hommes,https://www.olympics.com/fr/olympic-games/paris-2024/results/natation/100m-dos-hommes
Athlétisme,20km marche hommes,https://www.olympics.com/fr/olympic-games/paris-2024/results/athletisme/20km-marche-hommes
Football,Homme,https://www.olympics.com/fr/olympic-games/paris-2024/results/football/homme
Canoë sprint,K2 500m hommes,https://www.olympics.com/fr/olympic-games/paris-2024/results/canoe-sprint/k2-500m-hommes
Équitation,Dressage equipe,https://www.olympics.com/fr/olympic-games/paris-2024/results/equitation/dressage-equipe
Plongeon,3m tremplin femmes,https://www.olympics.com/fr/olympic-games/paris-2024/results/plongeon/3m-tremplin-femmes
Boxe,Poids plumes 57kg hommes,https://www.olympics.com/fr/olympic-games/paris-2024/results/boxe/poids-plumes-57kg-hommes
Skateboard,Park femmes,https://www.olympics.com/fr/olympic-games/paris-2024/results/skateboard/park-femmes
Voile,Multicoques mixte,https://www.olympics.com/fr/olympic-games/paris-2024/results/voile/multicoques-mixte
Canoë slalom,Kayak simple hommes,https://www.olympics.com/fr/olympic-games/paris-2024/results/canoe-slalom/kayak-simple-hommes
Natation,Relais 4x100m 4 nages femmes,https://www.olympics.com/fr/olympic-games/paris-2024/results/natation/relais-4x100m-4-nages-femmes
Tennis de table,Par equipes hommes,https://www.olympics.com/fr/olympic-games/paris-2024/results/tennis-de-table/par-equipes-hommes
Voile,Planche a voile hommes,https://www.olympics.com/fr/olympic-games/paris-2024/results/voile/planche-a-voile-hommes
Breaking,B boys,https://www.olympics.com/fr/olympic-games/paris-2024/results/breaking/b-boys
Judo,70 kg f,https://www.olympics.com/fr/olympic-games/paris-2024/results/judo/70-kg-f
Boxe,Poids super lourds plus de 92kg hommes,https://www.olympics.com/fr/olympic-games/paris-2024/results/boxe/poids-super-lourds-plus-de-92kg-hommes
Natation,100m nage libre femmes,https://www.olympics.com/fr/olympic-games/paris-2024/results/natation/100m-nage-libre-femmes
Lutte,Lutte greco romaine 97kg hommes,https://www.olympics.com/fr/olympic-games/paris-2024/results/lutte/lutte-greco-romaine-97kg-hommes
Haltérophilie,89kg hommes,https://www.olympics.com/fr/olympic-games/paris-2024/results/halterophilie/89kg-hommes
Aviron,Quatre de couple hommes,https://www.olympics.com/fr/olympic-games/paris-2024/results/aviron/quatre-de-couple-hommes
Natation,1500m nage libre hommes,https://www.olympics.com/fr/olympic-games/paris-2024/results/natation/1500m-nage-libre-hommes
Tennis de table,Double mixte,https://www.olympics.com/fr/olympic-games/paris-2024/results/tennis-de-table/double-mixte
Athlétisme,Lancer du disque femmes,https://www.olympics.com/fr/olympic-games/paris-2024/results/athletisme/lancer-du-disque-femmes
Cyclisme sur piste,Sprint par equipes femmes,https://www.olympics.com/fr/olympic-games/paris-2024/results/cyclisme-sur-piste/sprint-par-equipes-femmes
Football,Femme,https://www.olympics.com/fr/olympic-games/paris-2024/results/football/femme
Judo,81kg h,https://www.olympics.com/fr/olympic-games/paris-2024/results/judo/81kg-h
Handball,Femme,https://www.olympics.com/fr/olympic-games/paris-2024/results/handball/femme
Équitation,Saut d obstacles individuel,https://www.olympics.com/fr/olympic-games/paris-2024/results/equitation/saut-d-obstacles-individuel
Escrime,Fleuret individuel femmes,https://www.olympics.com/fr/olympic-games/paris-2024/results/escrime/fleuret-individuel-femmes
Tennis,Simple femmes,https://www.olympics.com/fr/olympic-games/paris-2024/results/tennis/simple-femmes
Athlétisme,200m femmes,https://www.olympics.com/fr/olympic-games/paris-2024/results/athletisme/200m-femmes
Tir à l'arc,Par equipes hommes,https://www.olympics.com/fr/olympic-games/paris-2024/results/tir-a-l-arc/par-equipes-hommes
Natation,200m nage libre femmes,https://www.olympics.com/fr/olympic-games/paris-2024/results/natation/200m-nage-libre-femmes
Taekwondo,80kg h,https://www.olympics.com/fr/olympic-games/paris-2024/results/taekwondo/80kg-h
Canoë sprint,C1 1000m hommes,https://www.olympics.com/fr/olympic-games/paris-2024/results/canoe-sprint/c1-1000m-hommes
Canoë sprint,K2 500m femmes,https://www.olympics.com/fr/olympic-games/paris-2024/results/canoe-sprint/k2-500m-femmes
Tir,Skeet h,https://www.olympics.com/fr/olympic-games/paris-2024/results/tir/skeet-h
Haltérophilie,Plus de 102kg hommes,https://www.olympics.com/fr/olympic-games/paris-2024/results/halterophilie/plus-de-102kg-hommes
Tir à l'arc,Equipes femmes,https://www.olympics.com/fr/olympic-games/paris-2024/results/tir-a-l-arc/equipes-femmes
Athlétisme,100m haies femmes,https://www.olympics.com/fr/olympic-games/paris-2024/results/athletisme/100m-haies-femmes
Athlétisme,Triple saut hommes,https://www.olympics.com/fr/olympic-games/paris-2024/results/athletisme/triple-saut-hommes
Cyclisme sur piste,Keirin femmes,https://www.olympics.com/fr/olympic-games/paris-2024/results/cyclisme-sur-piste/keirin-femmes
Natation,400m 4 nages individuel femmes,https://www.olympics.com/fr/olympic-games/paris-2024/results/natation/400m-4-nages-individuel-femmes
Gymnastique Artistique,Sol femmes,https://www.olympics.com/fr/olympic-games/paris-2024/results/gymnastique-artistique/sol-femmes
Marathon de Natation,10km femmes,https://www.olympics.com/fr/olympic-games/paris-2024/results/marathon-de-natation/10km-femmes
Plongeon,10m plateforme synchronise hommes,https://www.olympics.com/fr/olympic-games/paris-2024/results/plongeon/10m-plateforme-synchronise-hommes
Athlétisme,Relais 4x100m hommes,https://www.olympics.com/fr/olympic-games/paris-2024/results/athletisme/relais-4x100m-hommes
Aviron,Deux sans barreur hommes,https://www.olympics.com/fr/olympic-games/paris-2024/results/aviron/deux-sans-barreur-hommes
Lutte,Lutte libre 53kg femmes,https://www.olympics.com/fr/olympic-games/paris-2024/results/lutte/lutte-libre-53kg-femmes
Escrime,Fleuret par equipes femmes,https://www.olympics.com/fr/olympic-games/paris-2024/results/escrime/fleuret-par-equipes-femmes
Aviron,Deux de couple poids leger hommes,https://www.olympics.com/fr/olympic-games/paris-2024/results/aviron/deux-de-couple-poids-leger-hommes
Golf,Stroke play individuel femmes,https://www.olympics.com/fr/olympic-games/paris-2024/results/golf/stroke-play-individuel-femmes
Natation,Relais 4x200m nage libre femmes,https://www.olympics.com/fr/olympic-games/paris-2024/results/natation/relais-4x200m-nage-libre-femmes
Boxe,Poids welters 71kg hommes,https://www.olympics.com/fr/olympic-games/paris-2024/results/boxe/poids-welters-71kg-hommes
Tir,Trap femme,https://www.olympics.com/fr/olympic-games/paris-2024/results/tir/trap-femme
Cyclisme sur route,Contre la montre individuel femmes,https://www.olympics.com/fr/olympic-games/paris-2024/results/cyclisme-sur-route/contre-la-montre-individuel-femmes
Judo,Plus de 78 kg f,https://www.olympics.com/fr/olympic-games/paris-2024/results/judo/plus-de-78-kg-f
Triathlon,Individuel femmes,https://www.olympics.com/fr/olympic-games/paris-2024/results/triathlon/individuel-femmes
Lutte,Lutte greco romaine 60kg hommes,https://www.olympics.com/fr/olympic-games/paris-2024/results/lutte/lutte-greco-romaine-60kg-hommes
Taekwondo,58kg h,https://www.olympics.com/fr/olympic-games/paris-2024/results/taekwondo/58kg-h
Boxe,51kg hommes,https://www.olympics.com/fr/olympic-games/paris-2024/results/boxe/51kg-hommes
Aviron,Deux de couple femmes,https://www.olympics.com/fr/olympic-games/paris-2024/results/aviron/deux-de-couple-femmes
Tir,Carabine 50m 3 positions h,https://www.olympics.com/fr/olympic-games/paris-2024/results/tir/carabine-50m-3-positions-h
Volleyball,Homme,https://www.olympics.com/fr/olympic-games/paris-2024/results/volleyball/homme
Pentathlon moderne,Individuel femmes,https://www.olympics.com/fr/olympic-games/paris-2024/results/pentathlon-moderne/individuel-femmes
Tir,Pistolet air comprime 10m equipe mixte,https://www.olympics.com/fr/olympic-games/paris-2024/results/tir/pistolet-air-comprime-10m-equipe-mixte
Canoë sprint,K1 1000m hommes,https://www.olympics.com/fr/olympic-games/paris-2024/results/canoe-sprint/k1-1000m-hommes
Athlétisme,Relais mixte 4x400m,https://www.olympics.com/fr/olympic-games/paris-2024/results/athletisme/relais-mixte-4x400m
Tennis de table,Equipes femmes,https://www.olympics.com/fr/olympic-games/paris-2024/results/tennis-de-table/equipes-femmes
Natation,Relais 4x100m 4 nages mixte,https://www.olympics.com/fr/olympic-games/paris-2024/results/natation/relais-4x100m-4-nages-mixte
Cyclisme sur piste,Poursuite par equipes hommes,https://www.olympics.com/fr/olympic-games/paris-2024/results/cyclisme-sur-piste/poursuite-par-equipes-hommes
Escrime,Epee par equipes hommes,https://www.olympics.com/fr/olympic-games/paris-2024/results/escrime/epee-par-equipes-hommes
Gymnastique Artistique,Anneaux hommes,https://www.olympics.com/fr/olympic-games/paris-2024/results/gymnastique-artistique/anneaux-hommes
Basketball 3x3,Homme,https://www.olympics.com/fr/olympic-games/paris-2024/results/basketball-3x3/homme
Basketball,Femme,https://www.olympics.com/fr/olympic-games/paris-2024/results/basketball/femme
Taekwondo,68kg h,https://www.olympics.com/fr/olympic-games/paris-2024/results/taekwondo/68kg-h
Athlétisme,Relais 4x400m femmes,https://www.olympics.com/fr/olympic-games/paris-2024/results/athletisme/relais-4x400m-femmes
Équitation,Saut d obstacles equipe,https://www.olympics.com/fr/olympic-games/paris-2024/results/equitation/saut-d-obstacles-equipe
Athlétisme,3000m steeple hommes,https://www.olympics.com/fr/olympic-games/paris-2024/results/athletisme/3000m-steeple-hommes
Natation Artistique,Duo,https://www.olympics.com/fr/olympic-games/paris-2024/results/natation-artistique/duo
Lutte,Lutte greco romaine 67kg hommes,https://www.olympics.com/fr/olympic-games/paris-2024/results/lutte/lutte-greco-romaine-67kg-hommes
Surf,Homme,https://www.olympics.com/fr/olympic-games/paris-2024/results/surf/homme
Plongeon,3m tremplin hommes,https://www.olympics.com/fr/olympic-games/paris-2024/results/plongeon/3m-tremplin-hommes
Natation,100m brasse hommes,https://www.olympics.com/fr/olympic-games/paris-2024/results/natation/100m-brasse-hommes
Natation,800m nage libre hommes,https://www.olympics.com/fr/olympic-games/paris-2024/results/natation/800m-nage-libre-hommes
Hockey sur Gazon,Femme,https://www.olympics.com/fr/olympic-games/paris-2024/results/hockey-sur-gazon/femme
Canoë sprint,K4 500m hommes,https://www.olympics.com/fr/olympic-games/paris-2024/results/canoe-sprint/k4-500m-hommes
Judo,66kg h,https://www.olympics.com/fr/olympic-games/paris-2024/results/judo/66kg-h
Natation,100m papillon femmes,https://www.olympics.com/fr/olympic-games/paris-2024/results/natation/100m-papillon-femmes
Cyclisme sur piste,Keirin hommes,https://www.olympics.com/fr/olympic-games/paris-2024/results/cyclisme-sur-piste/keirin-hommes
Natation Artistique,Equipe,https://www.olympics.com/fr/olympic-games/paris-2024/results/natation-artistique/equipe
Escrime,Sabre par equipes femmes,https://www.olympics.com/fr/olympic-games/paris-2024/results/escrime/sabre-par-equipes-femmes
Natation,200m dos femmes,https://www.olympics.com/fr/olympic-games/paris-2024/results/natation/200m-dos-femmes
Aviron,Deux de couple hommes,https://www.olympics.com/fr/olympic-games/paris-2024/results/aviron/deux-de-couple-hommes
Lutte,Lutte greco romaine 130kg hommes,https://www.olympics.com/fr/olympic-games/paris-2024/results/lutte/lutte-greco-romaine-130kg-hommes
Lutte,Lutte libre 74kg hommes,https://www.olympics.com/fr/olympic-games/paris-2024/results/lutte/lutte-libre-74kg-hommes
Tir,Pistolet 25m f,https://www.olympics.com/fr/olympic-games/paris-2024/results/tir/pistolet-25m-f
Badminton,Double mixte,https://www.olympics.com/fr/olympic-games/paris-2024/results/badminton/double-mixte
Équitation,Concours complet d equitation individuel,https://www.olympics.com/fr/olympic-games/paris-2024/results/equitation/concours-complet-d-equitation-individuel
Tir,Skeet femme,https://www.olympics.com/fr/olympic-games/paris-2024/results/tir/skeet-femme
Lutte,Lutte libre 68kg femmes,https://www.olympics.com/fr/olympic-games/paris-2024/results/lutte/lutte-libre-68kg-femmes
Athlétisme,Triple saut femmes,https://www.olympics.com/fr/olympic-games/paris-2024/results/athletisme/triple-saut-femmes
Pentathlon moderne,Individuel hommes,https://www.olympics.com/fr/olympic-games/paris-2024/results/pentathlon-moderne/individuel-hommes
Breaking,B girls,https://www.olympics.com/fr/olympic-games/paris-2024/results/breaking/b-girls
Athlétisme,20km marche femmes,https://www.olympics.com/fr/olympic-games/paris-2024/results/athletisme/20km-marche-femmes
Gymnastique Artistique,Equipes femmes,https://www.olympics.com/fr/olympic-games/paris-2024/results/gymnastique-artistique/equipes-femmes
Athlétisme,5000 m hommes,https://www.olympics.com/fr/olympic-games/paris-2024/results/athletisme/5000-m-hommes
Équitation,Concours complet d equitation equipe,https://www.olympics.com/fr/olympic-games/paris-2024/results/equitation/concours-complet-d-equitation-equipe
Natation,200m brasse hommes,https://www.olympics.com/fr/olympic-games/paris-2024/results/natation/200m-brasse-hommes
Surf,Femme,https://www.olympics.com/fr/olympic-games/paris-2024/results/surf/femme
Judo,48kg f,https://www.olympics.com/fr/olympic-games/paris-2024/results/judo/48kg-f
Athlétisme,5000 m femmes,https://www.olympics.com/fr/olympic-games/paris-2024/results/athletisme/5000-m-femmes
Gymnastique Rythmique,Concours general individuel,https://www.olympics.com/fr/olympic-games/paris-2024/results/gymnastique-rythmique/concours-general-individuel
Taekwondo,49kg f,https://www.olympics.com/fr/olympic-games/paris-2024/results/taekwondo/49kg-f
Cyclisme BMX Freestyle,Park femmes,https://www.olympics.com/fr/olympic-games/paris-2024/results/cyclisme-bmx-freestyle/park-femmes
Tennis de table,Simple femmes,https://www.olympics.com/fr/olympic-games/paris-2024/results/tennis-de-table/simple-femmes
Athlétisme,Marathon femmes,https://www.olympics.com/fr/olympic-games/paris-2024/results/athletisme/marathon-femmes
Escrime,Sabre individuel hommes,https://www.olympics.com/fr/olympic-games/paris-2024/results/escrime/sabre-individuel-hommes
Natation,Relais 4x100m nage libre hommes,https://www.olympics.com/fr/olympic-games/paris-2024/results/natation/relais-4x100m-nage-libre-hommes
Skateboard,Street hommes,https://www.olympics.com/fr/olympic-games/paris-2024/results/skateboard/street-hommes
Boxe,54kg femmes,https://www.olympics.com/fr/olympic-games/paris-2024/results/boxe/54kg-femmes
Haltérophilie,102kg hommes,https://www.olympics.com/fr/olympic-games/paris-2024/results/halterophilie/102kg-hommes
Badminton,Double hommes,https://www.olympics.com/fr/olympic-games/paris-2024/results/badminton/double-hommes
Escalade,Vitesse femmes,https://www.olympics.com/fr/olympic-games/paris-2024/results/escalade/vitesse-femmes
Hockey sur Gazon,Homme,https://www.olympics.com/fr/olympic-games/paris-2024/results/hockey-sur-gazon/homme
Cyclisme BMX Freestyle,Park hommes,https://www.olympics.com/fr/olympic-games/paris-2024/results/cyclisme-bmx-freestyle/park-hommes
Badminton,Double femmes,https://www.olympics.com/fr/olympic-games/paris-2024/results/badminton/double-femmes
Badminton,Simple hommes,https://www.olympics.com/fr/olympic-games/paris-2024/results/badminton/simple-hommes
Boxe,Poids mouches 50kg femmes,https://www.olympics.com/fr/olympic-games/paris-2024/results/boxe/poids-mouches-50kg-femmes
Canoë sprint,K1 500m femmes,https://www.olympics.com/fr/olympic-games/paris-2024/results/canoe-sprint/k1-500m-femmes
Marathon de Natation,10km hommes,https://www.olympics.com/fr/olympic-games/paris-2024/results/marathon-de-natation/10km-hommes
Natation,400m nage libre femmes,https://www.olympics.com/fr/olympic-games/paris-2024/results/natation/400m-nage-libre-femmes
Athlétisme,800m hommes,https://www.olympics.com/fr/olympic-games/paris-2024/results/athletisme/800m-hommes
Haltérophilie,71kg femmes,https://www.olympics.com/fr/olympic-games/paris-2024/results/halterophilie/71kg-femmes
Cyclisme BMX Racing,Homme,https://www.olympics.com/fr/olympic-games/paris-2024/results/cyclisme-bmx-racing/homme
Escrime,Epee individuel hommes,https://www.olympics.com/fr/olympic-games/paris-2024/results/escrime/epee-individuel-hommes
Gymnastique Artistique,Barres paralleles hommes,https://www.olympics.com/fr/olympic-games/paris-2024/results/gymnastique-artistique/barres-paralleles-hommes
Canoë slalom,Kayak cross hommes,https://www.olympics.com/fr/olympic-games/paris-2024/results/canoe-slalom/kayak-cross-hommes
Athlétisme,10 000m hommes,https://www.olympics.com/fr/olympic-games/paris-2024/results/athletisme/10-000m-hommes
Lutte,Lutte libre 76kg femmes,https://www.olympics.com/fr/olympic-games/paris-2024/results/lutte/lutte-libre-76kg-femmes
Tir,Pistolet tir rapide 25m h,https://www.olympics.com/fr/olympic-games/paris-2024/results/tir/pistolet-tir-rapide-25m-h
Escalade,Vitesse hommes,https://www.olympics.com/fr/olympic-games/paris-2024/results/escalade/vitesse-hommes
Athlétisme,Lancer du poids femmes,https://www.olympics.com/fr/olympic-games/paris-2024/results/athletisme/lancer-du-poids-femmes
Lutte,Lutte libre 57kg femmes,https://www.olympics.com/fr/olympic-games/paris-2024/results/lutte/lutte-libre-57kg-femmes
Judo,100kg h,https://www.olympics.com/fr/olympic-games/paris-2024/results/judo/100kg-h
Tir à l'arc,Equipe mixte,https://www.olympics.com/fr/olympic-games/paris-2024/results/tir-a-l-arc/equipe-mixte
Natation,200m dos hommes,https://www.olympics.com/fr/olympic-games/paris-2024/results/natation/200m-dos-hommes
Judo,73kg h,https://www.olympics.com/fr/olympic-games/paris-2024/results/judo/73kg-h
Athlétisme,10 000m femmes,https://www.olympics.com/fr/olympic-games/paris-2024/results/athletisme/10-000m-femmes
Tennis,Double hommes,https://www.olympics.com/fr/olympic-games/paris-2024/results/tennis/double-hommes
Aviron,Quatre sans barreur femmes,https://www.olympics.com/fr/olympic-games/paris-2024/results/aviron/quatre-sans-barreur-femmes
Escalade,Bloc et difficulte hommes,https://www.olympics.com/fr/olympic-games/paris-2024/results/escalade/bloc-et-difficulte-hommes
Athlétisme,Saut a la perche hommes,https://www.olympics.com/fr/olympic-games/paris-2024/results/athletisme/saut-a-la-perche-hommes
Boxe,63 5kg hommes,https://www.olympics.com/fr/olympic-games/paris-2024/results/boxe/63-5kg-hommes
Cyclisme sur piste,Omnium femmes,https://www.olympics.com/fr/olympic-games/paris-2024/results/cyclisme-sur-piste/omnium-femmes
Boxe,80kg h,https://www.olympics.com/fr/olympic-games/paris-2024/results/boxe/80kg-h
Taekwondo,67kg f,https://www.olympics.com/fr/olympic-games/paris-2024/results/taekwondo/67kg-f
Athlétisme,Lancer du disque hommes,https://www.olympics.com/fr/olympic-games/paris-2024/results/athletisme/lancer-du-disque-hommes
Tir,Carabine air comprime 10m equipe mixte,https://www.olympics.com/fr/olympic-games/paris-2024/results/tir/carabine-air-comprime-10m-equipe-mixte
Judo,Plus de 100kg h,https://www.olympics.com/fr/olympic-games/paris-2024/results/judo/plus-de-100kg-h
Plongeon,10m plateforme hommes,https://www.olympics.com/fr/olympic-games/paris-2024/results/plongeon/10m-plateforme-hommes
Lutte,Lutte greco romaine 87kg hommes,https://www.olympics.com/fr/olympic-games/paris-2024/results/lutte/lutte-greco-romaine-87kg-hommes
Cyclisme BMX Racing,Femme,https://www.olympics.com/fr/olympic-games/paris-2024/results/cyclisme-bmx-racing/femme
Cyclisme sur piste,Omnium hommes,https://www.olympics.com/fr/olympic-games/paris-2024/results/cyclisme-sur-piste/omnium-hommes
Lutte,Lutte libre 62kg femmes,https://www.olympics.com/fr/olympic-games/paris-2024/results/lutte/lutte-libre-62kg-femmes
Escalade,Bloc et difficulte femmes,https://www.olympics.com/fr/olympic-games/paris-2024/results/escalade/bloc-et-difficulte-femmes
Rugby à 7,Homme,https://www.olympics.com/fr/olympic-games/paris-2024/results/rugby-a-7/homme
Cyclisme sur piste,Sprint femmes,https://www.olympics.com/fr/olympic-games/paris-2024/results/cyclisme-sur-piste/sprint-femmes
Aviron,Quatre de couple femmes,https://www.olympics.com/fr/olympic-games/paris-2024/results/aviron/quatre-de-couple-femmes
Tir,Skeet equipes mixtes,https://www.olympics.com/fr/olympic-games/paris-2024/results/tir/skeet-equipes-mixtes
Athlétisme,100m femmes,https://www.olympics.com/fr/olympic-games/paris-2024/results/athletisme/100m-femmes
Athlétisme,100m hommes,https://www.olympics.com/fr/olympic-games/paris-2024/results/athletisme/100m-hommes
Gymnastique Artistique,Saut de cheval femmes,https://www.olympics.com/fr/olympic-games/paris-2024/results/gymnastique-artistique/saut-de-cheval-femmes
Escrime,Fleuret par equipes hommes,https://www.olympics.com/fr/olympic-games/paris-2024/results/escrime/fleuret-par-equipes-hommes
Plongeon,3m tremplin synchronise hommes,https://www.olympics.com/fr/olympic-games/paris-2024/results/plongeon/3m-tremplin-synchronise-hommes
Canoë sprint,K4 500m femmes,https://www.olympics.com/fr/olympic-games/paris-2024/results/canoe-sprint/k4-500m-femmes
Natation,50m nage libre hommes,https://www.olympics.com/fr/olympic-games/paris-2024/results/natation/50m-nage-libre-hommes
Judo,Equipe mixte,https://www.olympics.com/fr/olympic-games/paris-2024/results/judo/equipe-mixte
Tir,10m carabine air femme,https://www.olympics.com/fr/olympic-games/paris-2024/results/tir/10m-carabine-air-femme
Gymnastique Artistique,Concours general hommes,https://www.olympics.com/fr/olympic-games/paris-2024/results/gymnastique-artistique/concours-general-hommes
Escrime,Epee par equipes femmes,https://www.olympics.com/fr/olympic-games/paris-2024/results/escrime/epee-par-equipes-femmes
Triathlon,Individuel hommes,https://www.olympics.com/fr/olympic-games/paris-2024/results/triathlon/individuel-hommes
Volleyball de plage,Femme,https://www.olympics.com/fr/olympic-games/paris-2024/results/volleyball-de-plage/femme
Basketball 3x3,Femme,https://www.olympics.com/fr/olympic-games/paris-2024/results/basketball-3x3/femme
Haltérophilie,Plus de 81kg femmes,https://www.olympics.com/fr/olympic-games/paris-2024/results/halterophilie/plus-de-81kg-femmes
Lutte,Lutte greco romaine 77kg hommes,https://www.olympics.com/fr/olympic-games/paris-2024/results/lutte/lutte-greco-romaine-77kg-hommes
Athlétisme,Lancer du marteau hommes,https://www.olympics.com/fr/olympic-games/paris-2024/results/athletisme/lancer-du-marteau-hommes
Natation,200m brasse femmes,https://www.olympics.com/fr/olympic-games/paris-2024/results/natation/200m-brasse-femmes
Triathlon,Relais mixte,https://www.olympics.com/fr/olympic-games/paris-2024/results/triathlon/relais-mixte
Cyclisme sur route,Course sur route femmes,https://www.olympics.com/fr/olympic-games/paris-2024/results/cyclisme-sur-route/course-sur-route-femmes
Athlétisme,Marathon hommes,https://www.olympics.com/fr/olympic-games/paris-2024/results/athletisme/marathon-hommes
Natation,100m nage libre hommes,https://www.olympics.com/fr/olympic-games/paris-2024/results/natation/100m-nage-libre-hommes
Voile,Skiff femmes,https://www.olympics.com/fr/olympic-games/paris-2024/results/voile/skiff-femmes
Aviron,Quatre sans barreur hommes,https://www.olympics.com/fr/olympic-games/paris-2024/results/aviron/quatre-sans-barreur-hommes
Voile,Skiff hommes,https://www.olympics.com/fr/olympic-games/paris-2024/results/voile/skiff-hommes
Athlétisme,Heptathlon femmes,https://www.olympics.com/fr/olympic-games/paris-2024/results/athletisme/heptathlon-femmes
Voile,Deriveur hommes,https://www.olympics.com/fr/olympic-games/paris-2024/results/voile/deriveur-hommes
Boxe,Poids welters 66kg femmes,https://www.olympics.com/fr/olympic-games/paris-2024/results/boxe/poids-welters-66kg-femmes
Natation,100m brasse femmes,https://www.olympics.com/fr/olympic-games/paris-2024/results/natation/100m-brasse-femmes
Water-polo,Homme,https://www.olympics.com/fr/olympic-games/paris-2024/results/water-polo/homme
